USE [G3_MovieTheater]
GO
SET IDENTITY_INSERT [movie_theater].[movie] ON 

INSERT [movie_theater].[movie] ([movie_id], [actor], [content], [director], [duration], [from_date], [large_image], [movie_name_english], [movie_name_vn], [movie_product_company], [small_image], [to_date], [version]) VALUES (1, N'Actor', N'
Shang-Chi Và Huyền Thoại Thập Luân', NULL, 1, CAST(N'2021-11-26T00:00:00.000' AS DateTime), N'poster_shangchi.jpg', N'Shang-Chi and The Legend of The Ten Rings', N'
Shang-Chi Và Huyền Thoại Thập Luân', N'Movie Theater', NULL, CAST(N'2021-12-02T00:00:00.000' AS DateTime), N'1')
INSERT [movie_theater].[movie] ([movie_id], [actor], [content], [director], [duration], [from_date], [large_image], [movie_name_english], [movie_name_vn], [movie_product_company], [small_image], [to_date], [version]) VALUES (2, N'Actor', N'Black Window: Goá Phụ Đen', NULL, 1, CAST(N'2021-11-26T00:00:00.000' AS DateTime), N'black_widow.jpg', N'Black Window', N'
Black Window: Goá Phụ Đen', N'Movie Theater', NULL, CAST(N'2021-12-02T00:00:00.000' AS DateTime), N'1')
INSERT [movie_theater].[movie] ([movie_id], [actor], [content], [director], [duration], [from_date], [large_image], [movie_name_english], [movie_name_vn], [movie_product_company], [small_image], [to_date], [version]) VALUES (3, N'Actor', N'
Shang-Chi Và Huyền Thoại Thập Luân', NULL, 1, CAST(N'2021-11-26T00:00:00.000' AS DateTime), N'poster_shangchi.jpg', N'Shang-Chi and The Legend of The Ten Rings', N'
Shang-Chi Và Huyền Thoại Thập Luân', N'Movie Theater', NULL, CAST(N'2021-12-02T00:00:00.000' AS DateTime), N'1')
INSERT [movie_theater].[movie] ([movie_id], [actor], [content], [director], [duration], [from_date], [large_image], [movie_name_english], [movie_name_vn], [movie_product_company], [small_image], [to_date], [version]) VALUES (4, N'Actor', N'Black Window: Goá Phụ Đen', NULL, 1, CAST(N'2021-11-26T00:00:00.000' AS DateTime), N'black_widow.jpg', N'Black Window', N'
Black Window: Goá Phụ Đen', N'Movie Theater', NULL, CAST(N'2021-12-02T00:00:00.000' AS DateTime), N'1')
INSERT [movie_theater].[movie] ([movie_id], [actor], [content], [director], [duration], [from_date], [large_image], [movie_name_english], [movie_name_vn], [movie_product_company], [small_image], [to_date], [version]) VALUES (5, N'Actor', N'
Shang-Chi Và Huyền Thoại Thập Luân', NULL, 1, CAST(N'2021-11-26T00:00:00.000' AS DateTime), N'poster_shangchi.jpg', N'Shang-Chi and The Legend of The Ten Rings', N'
Shang-Chi Và Huyền Thoại Thập Luân', N'Movie Theater', NULL, CAST(N'2021-12-02T00:00:00.000' AS DateTime), N'1')
INSERT [movie_theater].[movie] ([movie_id], [actor], [content], [director], [duration], [from_date], [large_image], [movie_name_english], [movie_name_vn], [movie_product_company], [small_image], [to_date], [version]) VALUES (6, N'Actor', N'Black Window: Goá Phụ Đen', NULL, 1, CAST(N'2021-11-26T00:00:00.000' AS DateTime), N'black_widow.jpg', N'Black Window', N'
Black Window: Goá Phụ Đen', N'Movie Theater', NULL, CAST(N'2021-12-02T00:00:00.000' AS DateTime), N'1')
INSERT [movie_theater].[movie] ([movie_id], [actor], [content], [director], [duration], [from_date], [large_image], [movie_name_english], [movie_name_vn], [movie_product_company], [small_image], [to_date], [version]) VALUES (7, N'Actor', N'
Shang-Chi Và Huyền Thoại Thập Luân', NULL, 1, CAST(N'2021-11-26T00:00:00.000' AS DateTime), N'poster_shangchi.jpg', N'Shang-Chi and The Legend of The Ten Rings', N'
Shang-Chi Và Huyền Thoại Thập Luân', N'Movie Theater', NULL, CAST(N'2021-12-02T00:00:00.000' AS DateTime), N'1')
INSERT [movie_theater].[movie] ([movie_id], [actor], [content], [director], [duration], [from_date], [large_image], [movie_name_english], [movie_name_vn], [movie_product_company], [small_image], [to_date], [version]) VALUES (8, N'Actor', N'Black Window: Goá Phụ Đen', NULL, 1, CAST(N'2021-11-26T00:00:00.000' AS DateTime), N'black_widow.jpg', N'Black Window', N'
Black Window: Goá Phụ Đen', N'Movie Theater', NULL, CAST(N'2021-12-02T00:00:00.000' AS DateTime), N'1')
INSERT [movie_theater].[movie] ([movie_id], [actor], [content], [director], [duration], [from_date], [large_image], [movie_name_english], [movie_name_vn], [movie_product_company], [small_image], [to_date], [version]) VALUES (9, N'Actor', N'
Shang-Chi Và Huyền Thoại Thập Luân', NULL, 1, CAST(N'2021-11-26T00:00:00.000' AS DateTime), N'poster_shangchi.jpg', N'Shang-Chi and The Legend of The Ten Rings', N'
Shang-Chi Và Huyền Thoại Thập Luân', N'Movie Theater', NULL, CAST(N'2021-12-02T00:00:00.000' AS DateTime), N'1')
INSERT [movie_theater].[movie] ([movie_id], [actor], [content], [director], [duration], [from_date], [large_image], [movie_name_english], [movie_name_vn], [movie_product_company], [small_image], [to_date], [version]) VALUES (10, N'Actor', N'Black Window: Goá Phụ Đen', NULL, 1, CAST(N'2021-11-26T00:00:00.000' AS DateTime), N'black_widow.jpg', N'Black Window', N'
Black Window: Goá Phụ Đen', N'Movie Theater', NULL, CAST(N'2021-12-02T00:00:00.000' AS DateTime), N'1')
INSERT [movie_theater].[movie] ([movie_id], [actor], [content], [director], [duration], [from_date], [large_image], [movie_name_english], [movie_name_vn], [movie_product_company], [small_image], [to_date], [version]) VALUES (11, N'Actor', N'
Shang-Chi Và Huyền Thoại Thập Luân', NULL, 1, CAST(N'2021-11-26T00:00:00.000' AS DateTime), N'poster_shangchi.jpg', N'Shang-Chi and The Legend of The Ten Rings', N'
Shang-Chi Và Huyền Thoại Thập Luân', N'Movie Theater', NULL, CAST(N'2021-12-02T00:00:00.000' AS DateTime), N'1')
INSERT [movie_theater].[movie] ([movie_id], [actor], [content], [director], [duration], [from_date], [large_image], [movie_name_english], [movie_name_vn], [movie_product_company], [small_image], [to_date], [version]) VALUES (12, N'Actor', N'Black Window: Goá Phụ Đen', NULL, 1, CAST(N'2021-11-26T00:00:00.000' AS DateTime), N'black_widow.jpg', N'Black Window', N'
Black Window: Goá Phụ Đen', N'Movie Theater', NULL, CAST(N'2021-12-02T00:00:00.000' AS DateTime), N'1')
INSERT [movie_theater].[movie] ([movie_id], [actor], [content], [director], [duration], [from_date], [large_image], [movie_name_english], [movie_name_vn], [movie_product_company], [small_image], [to_date], [version]) VALUES (13, N'Actor', N'
Shang-Chi Và Huyền Thoại Thập Luân', NULL, 1, CAST(N'2021-11-26T00:00:00.000' AS DateTime), N'poster_shangchi.jpg', N'Shang-Chi and The Legend of The Ten Rings', N'
Shang-Chi Và Huyền Thoại Thập Luân', N'Movie Theater', NULL, CAST(N'2021-12-02T00:00:00.000' AS DateTime), N'1')
INSERT [movie_theater].[movie] ([movie_id], [actor], [content], [director], [duration], [from_date], [large_image], [movie_name_english], [movie_name_vn], [movie_product_company], [small_image], [to_date], [version]) VALUES (14, N'Actor', N'Black Window: Goá Phụ Đen', NULL, 1, CAST(N'2021-11-26T00:00:00.000' AS DateTime), N'black_widow.jpg', N'Black Window', N'
Black Window: Goá Phụ Đen', N'Movie Theater', NULL, CAST(N'2021-12-02T00:00:00.000' AS DateTime), N'1')
INSERT [movie_theater].[movie] ([movie_id], [actor], [content], [director], [duration], [from_date], [large_image], [movie_name_english], [movie_name_vn], [movie_product_company], [small_image], [to_date], [version]) VALUES (15, N'Actor', N'
Shang-Chi Và Huyền Thoại Thập Luân', NULL, 1, CAST(N'2021-11-26T00:00:00.000' AS DateTime), N'poster_shangchi.jpg', N'Shang-Chi and The Legend of The Ten Rings', N'
Shang-Chi Và Huyền Thoại Thập Luân', N'Movie Theater', NULL, CAST(N'2021-12-02T00:00:00.000' AS DateTime), N'1')
INSERT [movie_theater].[movie] ([movie_id], [actor], [content], [director], [duration], [from_date], [large_image], [movie_name_english], [movie_name_vn], [movie_product_company], [small_image], [to_date], [version]) VALUES (16, N'Actor', N'Black Window: Goá Phụ Đen', NULL, 1, CAST(N'2021-11-26T00:00:00.000' AS DateTime), N'black_widow.jpg', N'Black Window', N'
Black Window: Goá Phụ Đen', N'Movie Theater', NULL, CAST(N'2021-12-02T00:00:00.000' AS DateTime), N'1')
INSERT [movie_theater].[movie] ([movie_id], [actor], [content], [director], [duration], [from_date], [large_image], [movie_name_english], [movie_name_vn], [movie_product_company], [small_image], [to_date], [version]) VALUES (17, N'Actor', N'
Shang-Chi Và Huyền Thoại Thập Luân', NULL, 1, CAST(N'2021-11-26T00:00:00.000' AS DateTime), N'poster_shangchi.jpg', N'Shang-Chi and The Legend of The Ten Rings', N'
Shang-Chi Và Huyền Thoại Thập Luân', N'Movie Theater', NULL, CAST(N'2021-12-02T00:00:00.000' AS DateTime), N'1')
INSERT [movie_theater].[movie] ([movie_id], [actor], [content], [director], [duration], [from_date], [large_image], [movie_name_english], [movie_name_vn], [movie_product_company], [small_image], [to_date], [version]) VALUES (18, N'Actor', N'Black Window: Goá Phụ Đen', NULL, 1, CAST(N'2021-11-26T00:00:00.000' AS DateTime), N'black_widow.jpg', N'Black Window', N'
Black Window: Goá Phụ Đen', N'Movie Theater', NULL, CAST(N'2021-12-02T00:00:00.000' AS DateTime), N'1')
INSERT [movie_theater].[movie] ([movie_id], [actor], [content], [director], [duration], [from_date], [large_image], [movie_name_english], [movie_name_vn], [movie_product_company], [small_image], [to_date], [version]) VALUES (19, N'Actor', N'
Shang-Chi Và Huyền Thoại Thập Luân', NULL, 1, CAST(N'2021-11-26T00:00:00.000' AS DateTime), N'poster_shangchi.jpg', N'Shang-Chi and The Legend of The Ten Rings', N'
Shang-Chi Và Huyền Thoại Thập Luân', N'Movie Theater', NULL, CAST(N'2021-12-02T00:00:00.000' AS DateTime), N'1')
INSERT [movie_theater].[movie] ([movie_id], [actor], [content], [director], [duration], [from_date], [large_image], [movie_name_english], [movie_name_vn], [movie_product_company], [small_image], [to_date], [version]) VALUES (20, N'Actor', N'Black Window: Goá Phụ Đen', NULL, 1, CAST(N'2021-11-26T00:00:00.000' AS DateTime), N'black_widow.jpg', N'Black Window', N'
Black Window: Goá Phụ Đen', N'Movie Theater', NULL, CAST(N'2021-12-02T00:00:00.000' AS DateTime), N'1')
INSERT [movie_theater].[movie] ([movie_id], [actor], [content], [director], [duration], [from_date], [large_image], [movie_name_english], [movie_name_vn], [movie_product_company], [small_image], [to_date], [version]) VALUES (21, N'Actor', N'
Shang-Chi Và Huyền Thoại Thập Luân', NULL, 1, CAST(N'2021-11-26T00:00:00.000' AS DateTime), N'poster_shangchi.jpg', N'Shang-Chi and The Legend of The Ten Rings', N'
Shang-Chi Và Huyền Thoại Thập Luân', N'Movie Theater', NULL, CAST(N'2021-12-02T00:00:00.000' AS DateTime), N'1')
INSERT [movie_theater].[movie] ([movie_id], [actor], [content], [director], [duration], [from_date], [large_image], [movie_name_english], [movie_name_vn], [movie_product_company], [small_image], [to_date], [version]) VALUES (22, N'Actor', N'Black Window: Goá Phụ Đen', NULL, 1, CAST(N'2021-11-26T00:00:00.000' AS DateTime), N'black_widow.jpg', N'Black Window', N'
Black Window: Goá Phụ Đen', N'Movie Theater', NULL, CAST(N'2021-12-02T00:00:00.000' AS DateTime), N'1')
INSERT [movie_theater].[movie] ([movie_id], [actor], [content], [director], [duration], [from_date], [large_image], [movie_name_english], [movie_name_vn], [movie_product_company], [small_image], [to_date], [version]) VALUES (23, N'Actor', N'
Shang-Chi Và Huyền Thoại Thập Luân', NULL, 1, CAST(N'2021-11-26T00:00:00.000' AS DateTime), N'poster_shangchi.jpg', N'Shang-Chi and The Legend of The Ten Rings', N'
Shang-Chi Và Huyền Thoại Thập Luân', N'Movie Theater', NULL, CAST(N'2021-12-02T00:00:00.000' AS DateTime), N'1')
INSERT [movie_theater].[movie] ([movie_id], [actor], [content], [director], [duration], [from_date], [large_image], [movie_name_english], [movie_name_vn], [movie_product_company], [small_image], [to_date], [version]) VALUES (24, N'Actor', N'Black Window: Goá Phụ Đen', NULL, 1, CAST(N'2021-11-26T00:00:00.000' AS DateTime), N'black_widow.jpg', N'Black Window', N'
Black Window: Goá Phụ Đen', N'Movie Theater', NULL, CAST(N'2021-12-02T00:00:00.000' AS DateTime), N'1')
INSERT [movie_theater].[movie] ([movie_id], [actor], [content], [director], [duration], [from_date], [large_image], [movie_name_english], [movie_name_vn], [movie_product_company], [small_image], [to_date], [version]) VALUES (25, N'Actor', N'Black Window: Goá Phụ Đen', NULL, 1, CAST(N'2021-11-26T00:00:00.000' AS DateTime), N'black_widow.jpg', N'Black Window', N'
Black Window: Goá Phụ Đen', N'Movie Theater', NULL, CAST(N'2021-12-02T00:00:00.000' AS DateTime), N'1')
SET IDENTITY_INSERT [movie_theater].[movie] OFF
GO
SET IDENTITY_INSERT [movie_theater].[show_dates] ON 

INSERT [movie_theater].[show_dates] ([show_date_id], [date_name], [show_date]) VALUES (1, N'Date1', CAST(N'2021-11-26T00:00:00.000' AS DateTime))
INSERT [movie_theater].[show_dates] ([show_date_id], [date_name], [show_date]) VALUES (2, N'Date2', CAST(N'2021-11-27T00:00:00.000' AS DateTime))
INSERT [movie_theater].[show_dates] ([show_date_id], [date_name], [show_date]) VALUES (3, N'Date3', CAST(N'2021-11-28T00:00:00.000' AS DateTime))
INSERT [movie_theater].[show_dates] ([show_date_id], [date_name], [show_date]) VALUES (4, N'Date4', CAST(N'2021-11-29T00:00:00.000' AS DateTime))
INSERT [movie_theater].[show_dates] ([show_date_id], [date_name], [show_date]) VALUES (5, N'Date5', CAST(N'2021-11-30T00:00:00.000' AS DateTime))
INSERT [movie_theater].[show_dates] ([show_date_id], [date_name], [show_date]) VALUES (6, N'Date6', CAST(N'2021-12-01T00:00:00.000' AS DateTime))
INSERT [movie_theater].[show_dates] ([show_date_id], [date_name], [show_date]) VALUES (7, N'Date7', CAST(N'2021-12-02T00:00:00.000' AS DateTime))
SET IDENTITY_INSERT [movie_theater].[show_dates] OFF
GO
INSERT [movie_theater].[movie_date] ([movie_id], [show_date_id]) VALUES (1, 1)
INSERT [movie_theater].[movie_date] ([movie_id], [show_date_id]) VALUES (3, 1)
INSERT [movie_theater].[movie_date] ([movie_id], [show_date_id]) VALUES (5, 1)
INSERT [movie_theater].[movie_date] ([movie_id], [show_date_id]) VALUES (6, 1)
INSERT [movie_theater].[movie_date] ([movie_id], [show_date_id]) VALUES (1, 2)
INSERT [movie_theater].[movie_date] ([movie_id], [show_date_id]) VALUES (2, 2)
INSERT [movie_theater].[movie_date] ([movie_id], [show_date_id]) VALUES (4, 2)
INSERT [movie_theater].[movie_date] ([movie_id], [show_date_id]) VALUES (5, 2)
INSERT [movie_theater].[movie_date] ([movie_id], [show_date_id]) VALUES (1, 3)
INSERT [movie_theater].[movie_date] ([movie_id], [show_date_id]) VALUES (2, 3)
INSERT [movie_theater].[movie_date] ([movie_id], [show_date_id]) VALUES (4, 3)
INSERT [movie_theater].[movie_date] ([movie_id], [show_date_id]) VALUES (1, 4)
INSERT [movie_theater].[movie_date] ([movie_id], [show_date_id]) VALUES (2, 4)
INSERT [movie_theater].[movie_date] ([movie_id], [show_date_id]) VALUES (3, 4)
INSERT [movie_theater].[movie_date] ([movie_id], [show_date_id]) VALUES (1, 5)
INSERT [movie_theater].[movie_date] ([movie_id], [show_date_id]) VALUES (5, 5)
INSERT [movie_theater].[movie_date] ([movie_id], [show_date_id]) VALUES (4, 6)
INSERT [movie_theater].[movie_date] ([movie_id], [show_date_id]) VALUES (4, 7)
INSERT [movie_theater].[movie_date] ([movie_id], [show_date_id]) VALUES (7, 7)
GO
SET IDENTITY_INSERT [movie_theater].[schedule] ON 

INSERT [movie_theater].[schedule] ([schedule_id], [schedule_time]) VALUES (1, N'07:00')
INSERT [movie_theater].[schedule] ([schedule_id], [schedule_time]) VALUES (2, N'09:00')
INSERT [movie_theater].[schedule] ([schedule_id], [schedule_time]) VALUES (3, N'11:00')
INSERT [movie_theater].[schedule] ([schedule_id], [schedule_time]) VALUES (4, N'13:00')
INSERT [movie_theater].[schedule] ([schedule_id], [schedule_time]) VALUES (5, N'14:00')
INSERT [movie_theater].[schedule] ([schedule_id], [schedule_time]) VALUES (6, N'15:00')
INSERT [movie_theater].[schedule] ([schedule_id], [schedule_time]) VALUES (7, N'16:00')
INSERT [movie_theater].[schedule] ([schedule_id], [schedule_time]) VALUES (8, N'17:00')
INSERT [movie_theater].[schedule] ([schedule_id], [schedule_time]) VALUES (9, N'18:00')
INSERT [movie_theater].[schedule] ([schedule_id], [schedule_time]) VALUES (10, N'19:00')
INSERT [movie_theater].[schedule] ([schedule_id], [schedule_time]) VALUES (11, N'20:00')
INSERT [movie_theater].[schedule] ([schedule_id], [schedule_time]) VALUES (12, N'21:00')
INSERT [movie_theater].[schedule] ([schedule_id], [schedule_time]) VALUES (13, N'22:00')
INSERT [movie_theater].[schedule] ([schedule_id], [schedule_time]) VALUES (14, N'23:00')
SET IDENTITY_INSERT [movie_theater].[schedule] OFF
GO
INSERT [movie_theater].[movie_schedule] ([schedule_id], [movie_id]) VALUES (3, 1)
INSERT [movie_theater].[movie_schedule] ([schedule_id], [movie_id]) VALUES (4, 1)
INSERT [movie_theater].[movie_schedule] ([schedule_id], [movie_id]) VALUES (5, 1)
INSERT [movie_theater].[movie_schedule] ([schedule_id], [movie_id]) VALUES (6, 1)
INSERT [movie_theater].[movie_schedule] ([schedule_id], [movie_id]) VALUES (7, 1)
INSERT [movie_theater].[movie_schedule] ([schedule_id], [movie_id]) VALUES (7, 2)
INSERT [movie_theater].[movie_schedule] ([schedule_id], [movie_id]) VALUES (7, 4)
INSERT [movie_theater].[movie_schedule] ([schedule_id], [movie_id]) VALUES (8, 1)
INSERT [movie_theater].[movie_schedule] ([schedule_id], [movie_id]) VALUES (8, 2)
INSERT [movie_theater].[movie_schedule] ([schedule_id], [movie_id]) VALUES (8, 6)
INSERT [movie_theater].[movie_schedule] ([schedule_id], [movie_id]) VALUES (9, 1)
INSERT [movie_theater].[movie_schedule] ([schedule_id], [movie_id]) VALUES (9, 2)
INSERT [movie_theater].[movie_schedule] ([schedule_id], [movie_id]) VALUES (10, 2)
INSERT [movie_theater].[movie_schedule] ([schedule_id], [movie_id]) VALUES (10, 3)
INSERT [movie_theater].[movie_schedule] ([schedule_id], [movie_id]) VALUES (10, 4)
INSERT [movie_theater].[movie_schedule] ([schedule_id], [movie_id]) VALUES (11, 2)
INSERT [movie_theater].[movie_schedule] ([schedule_id], [movie_id]) VALUES (11, 3)
INSERT [movie_theater].[movie_schedule] ([schedule_id], [movie_id]) VALUES (11, 5)
INSERT [movie_theater].[movie_schedule] ([schedule_id], [movie_id]) VALUES (12, 3)
INSERT [movie_theater].[movie_schedule] ([schedule_id], [movie_id]) VALUES (13, 5)
INSERT [movie_theater].[movie_schedule] ([schedule_id], [movie_id]) VALUES (14, 3)
GO
INSERT [movie_theater].[type] ([type_id], [type_name]) VALUES (1, N'Phim Hành Động')
INSERT [movie_theater].[type] ([type_id], [type_name]) VALUES (2, N'Phim Tình Cảm')
INSERT [movie_theater].[type] ([type_id], [type_name]) VALUES (3, N'Phim Chiến Tranh')
INSERT [movie_theater].[type] ([type_id], [type_name]) VALUES (4, N'Phim Hài Hước')
INSERT [movie_theater].[type] ([type_id], [type_name]) VALUES (5, N'Phim Viễn Tưởng')
INSERT [movie_theater].[type] ([type_id], [type_name]) VALUES (6, N'Phim Hoạt Hình')
INSERT [movie_theater].[type] ([type_id], [type_name]) VALUES (7, N'Phim Kinh Dị')
INSERT [movie_theater].[type] ([type_id], [type_name]) VALUES (8, N'Phim Tâm Lý')
INSERT [movie_theater].[type] ([type_id], [type_name]) VALUES (9, N'Phim Phiêu Lưu')
GO
INSERT [movie_theater].[movie_type] ([type_id], [movie_id]) VALUES (1, 1)
INSERT [movie_theater].[movie_type] ([type_id], [movie_id]) VALUES (1, 3)
INSERT [movie_theater].[movie_type] ([type_id], [movie_id]) VALUES (1, 5)
INSERT [movie_theater].[movie_type] ([type_id], [movie_id]) VALUES (1, 6)
INSERT [movie_theater].[movie_type] ([type_id], [movie_id]) VALUES (1, 8)
INSERT [movie_theater].[movie_type] ([type_id], [movie_id]) VALUES (1, 10)
INSERT [movie_theater].[movie_type] ([type_id], [movie_id]) VALUES (1, 12)
INSERT [movie_theater].[movie_type] ([type_id], [movie_id]) VALUES (1, 14)
INSERT [movie_theater].[movie_type] ([type_id], [movie_id]) VALUES (1, 16)
INSERT [movie_theater].[movie_type] ([type_id], [movie_id]) VALUES (1, 18)
INSERT [movie_theater].[movie_type] ([type_id], [movie_id]) VALUES (1, 20)
INSERT [movie_theater].[movie_type] ([type_id], [movie_id]) VALUES (1, 22)
INSERT [movie_theater].[movie_type] ([type_id], [movie_id]) VALUES (1, 24)
INSERT [movie_theater].[movie_type] ([type_id], [movie_id]) VALUES (5, 2)
INSERT [movie_theater].[movie_type] ([type_id], [movie_id]) VALUES (5, 4)
INSERT [movie_theater].[movie_type] ([type_id], [movie_id]) VALUES (5, 5)
INSERT [movie_theater].[movie_type] ([type_id], [movie_id]) VALUES (5, 7)
INSERT [movie_theater].[movie_type] ([type_id], [movie_id]) VALUES (5, 9)
INSERT [movie_theater].[movie_type] ([type_id], [movie_id]) VALUES (5, 11)
INSERT [movie_theater].[movie_type] ([type_id], [movie_id]) VALUES (5, 13)
INSERT [movie_theater].[movie_type] ([type_id], [movie_id]) VALUES (5, 15)
INSERT [movie_theater].[movie_type] ([type_id], [movie_id]) VALUES (5, 17)
INSERT [movie_theater].[movie_type] ([type_id], [movie_id]) VALUES (5, 19)
INSERT [movie_theater].[movie_type] ([type_id], [movie_id]) VALUES (5, 21)
INSERT [movie_theater].[movie_type] ([type_id], [movie_id]) VALUES (5, 23)
GO
SET IDENTITY_INSERT [movie_theater].[roles] ON 

INSERT [movie_theater].[roles] ([role_id], [role_name]) VALUES (1, N'ROLE_USER')
INSERT [movie_theater].[roles] ([role_id], [role_name]) VALUES (2, N'ROLE_ADMIN')
SET IDENTITY_INSERT [movie_theater].[roles] OFF
GO
INSERT [movie_theater].[account] ([account_id], [address], [date_of_birth], [email], [full_name], [gender], [identity_card], [image], [password], [phone_number], [register_date], [status], [username], [role_id]) VALUES (N'1', N'quat lam', CAST(N'2008-10-10T00:00:00.000' AS DateTime), N'chuong2@gmail.com', N'do nhu the', N'M', N'111111', N'image2', N'$2a$10$32S8vE0sFBbyIq68fB.lQeOW9F7vXhSbcpMX7NvdNI9WXb1ohZuyi', N'111111', CAST(N'2007-09-09T00:00:00.000' AS DateTime), 0, N'admin', 2)
INSERT [movie_theater].[account] ([account_id], [address], [date_of_birth], [email], [full_name], [gender], [identity_card], [image], [password], [phone_number], [register_date], [status], [username], [role_id]) VALUES (N'2', N'quat lam', CAST(N'2008-10-10T00:00:00.000' AS DateTime), N'chuong2@gmail.com', N'do nhu the', N'M', N'111111', N'image2', N'$10$32S8vE0sFBbyIq68fB.lQeOW9F7vXhSbcpMX7NvdNI9WXb1ohZuyi', N'111111', CAST(N'2007-09-09T00:00:00.000' AS DateTime), 0, N'admin1', 1)
INSERT [movie_theater].[account] ([account_id], [address], [date_of_birth], [email], [full_name], [gender], [identity_card], [image], [password], [phone_number], [register_date], [status], [username], [role_id]) VALUES (N'3', N'quat lam', CAST(N'2008-10-10T00:00:00.000' AS DateTime), N'chuong2@gmail.com', N'do nhu the', N'M', N'111111', N'image2', N'$10$32S8vE0sFBbyIq68fB.lQeOW9F7vXhSbcpMX7NvdNI9WXb1ohZuyi', N'111111', CAST(N'2007-09-09T00:00:00.000' AS DateTime), 0, N'admin2', 1)
INSERT [movie_theater].[account] ([account_id], [address], [date_of_birth], [email], [full_name], [gender], [identity_card], [image], [password], [phone_number], [register_date], [status], [username], [role_id]) VALUES (N'4', N'quat lam', CAST(N'2008-10-10T00:00:00.000' AS DateTime), N'chuong2@gmail.com', N'do nhu the', N'M', N'111111', N'image2', N'$10$32S8vE0sFBbyIq68fB.lQeOW9F7vXhSbcpMX7NvdNI9WXb1ohZuyi', N'111111', CAST(N'2007-09-09T00:00:00.000' AS DateTime), 0, N'admin3', 1)
INSERT [movie_theater].[account] ([account_id], [address], [date_of_birth], [email], [full_name], [gender], [identity_card], [image], [password], [phone_number], [register_date], [status], [username], [role_id]) VALUES (N'5', N'quat lam', CAST(N'2008-10-10T00:00:00.000' AS DateTime), N'chuong2@gmail.com', N'do nhu the', N'M', N'111111', N'image2', N'$10$32S8vE0sFBbyIq68fB.lQeOW9F7vXhSbcpMX7NvdNI9WXb1ohZuyi', N'111111', CAST(N'2007-09-09T00:00:00.000' AS DateTime), 0, N'admin4', 1)
INSERT [movie_theater].[account] ([account_id], [address], [date_of_birth], [email], [full_name], [gender], [identity_card], [image], [password], [phone_number], [register_date], [status], [username], [role_id]) VALUES (N'6', N'quat lam', CAST(N'2008-10-10T00:00:00.000' AS DateTime), N'chuong2@gmail.com', N'do nhu the', N'M', N'111111', N'image2', N'$10$32S8vE0sFBbyIq68fB.lQeOW9F7vXhSbcpMX7NvdNI9WXb1ohZuyi', N'111111', CAST(N'2007-09-09T00:00:00.000' AS DateTime), 0, N'admin5', 1)
INSERT [movie_theater].[account] ([account_id], [address], [date_of_birth], [email], [full_name], [gender], [identity_card], [image], [password], [phone_number], [register_date], [status], [username], [role_id]) VALUES (N'7', N'quat lam', CAST(N'2008-10-10T00:00:00.000' AS DateTime), N'chuong2@gmail.com', N'do nhu the', N'M', N'111111', N'image2', N'$10$32S8vE0sFBbyIq68fB.lQeOW9F7vXhSbcpMX7NvdNI9WXb1ohZuyi', N'111111', CAST(N'2007-09-09T00:00:00.000' AS DateTime), 0, N'admin6', 1)
INSERT [movie_theater].[account] ([account_id], [address], [date_of_birth], [email], [full_name], [gender], [identity_card], [image], [password], [phone_number], [register_date], [status], [username], [role_id]) VALUES (N'8', N'quat lam', CAST(N'2008-10-10T00:00:00.000' AS DateTime), N'chuong2@gmail.com', N'do nhu the', N'M', N'111111', N'image2', N'$10$32S8vE0sFBbyIq68fB.lQeOW9F7vXhSbcpMX7NvdNI9WXb1ohZuyi', N'111111', CAST(N'2007-09-09T00:00:00.000' AS DateTime), 0, N'admin7', 1)
GO
SET IDENTITY_INSERT [movie_theater].[promotion] ON 

INSERT [movie_theater].[promotion] ([promotion_id], [detail], [discount_level], [end_time], [image], [start_time], [title]) VALUES (1, N'Merry Chrismas 10k', 10000, CAST(N'2021-12-31T00:00:00.000' AS DateTime), NULL, CAST(N'2021-12-20T00:00:00.000' AS DateTime), N'MC10')
INSERT [movie_theater].[promotion] ([promotion_id], [detail], [discount_level], [end_time], [image], [start_time], [title]) VALUES (2, N'Merry Chrismas 50k', 50000, CAST(N'2021-12-31T00:00:00.000' AS DateTime), NULL, CAST(N'2021-12-20T00:00:00.000' AS DateTime), N'MC50')
INSERT [movie_theater].[promotion] ([promotion_id], [detail], [discount_level], [end_time], [image], [start_time], [title]) VALUES (3, N'Merry Chrismas 100k', 100000, CAST(N'2021-12-25T00:00:00.000' AS DateTime), NULL, CAST(N'2021-12-24T00:00:00.000' AS DateTime), N'MC100')
INSERT [movie_theater].[promotion] ([promotion_id], [detail], [discount_level], [end_time], [image], [start_time], [title]) VALUES (4, N'Happy New Year 10k', 10000, CAST(N'2022-01-10T00:00:00.000' AS DateTime), NULL, CAST(N'2021-12-29T00:00:00.000' AS DateTime), N'NY10')
INSERT [movie_theater].[promotion] ([promotion_id], [detail], [discount_level], [end_time], [image], [start_time], [title]) VALUES (5, N'Happy New Year 20K', 20000, CAST(N'2022-01-07T00:00:00.000' AS DateTime), NULL, CAST(N'2021-12-29T00:00:00.000' AS DateTime), N'NY20')
INSERT [movie_theater].[promotion] ([promotion_id], [detail], [discount_level], [end_time], [image], [start_time], [title]) VALUES (6, N'Happy New Year 50K', 50000, CAST(N'2022-01-05T00:00:00.000' AS DateTime), NULL, CAST(N'2021-12-29T00:00:00.000' AS DateTime), N'NY50')
INSERT [movie_theater].[promotion] ([promotion_id], [detail], [discount_level], [end_time], [image], [start_time], [title]) VALUES (7, N'Happy New Year 100k', 100000, CAST(N'2022-01-02T00:00:00.000' AS DateTime), NULL, CAST(N'2021-12-31T00:00:00.000' AS DateTime), N'NY100')
INSERT [movie_theater].[promotion] ([promotion_id], [detail], [discount_level], [end_time], [image], [start_time], [title]) VALUES (8, N'Lunar New Year 10k', 10000, CAST(N'2022-03-01T00:00:00.000' AS DateTime), NULL, CAST(N'2022-01-31T00:00:00.000' AS DateTime), N'LY10')
INSERT [movie_theater].[promotion] ([promotion_id], [detail], [discount_level], [end_time], [image], [start_time], [title]) VALUES (9, N'Lunar New Year 22k', 22222, CAST(N'2022-02-20T00:00:00.000' AS DateTime), NULL, CAST(N'2022-01-31T00:00:00.000' AS DateTime), N'MC10')
INSERT [movie_theater].[promotion] ([promotion_id], [detail], [discount_level], [end_time], [image], [start_time], [title]) VALUES (10, N'Lunar New Year 66k', 66666, CAST(N'2022-02-10T00:00:00.000' AS DateTime), NULL, CAST(N'2022-01-31T00:00:00.000' AS DateTime), N'MC10')
INSERT [movie_theater].[promotion] ([promotion_id], [detail], [discount_level], [end_time], [image], [start_time], [title]) VALUES (11, N'Lunar New Year 88k', 88888, CAST(N'2022-02-07T00:00:00.000' AS DateTime), NULL, CAST(N'2022-01-31T00:00:00.000' AS DateTime), N'MC10')
INSERT [movie_theater].[promotion] ([promotion_id], [detail], [discount_level], [end_time], [image], [start_time], [title]) VALUES (12, N'Lunar New Year 222k', 222222, CAST(N'2022-02-05T00:00:00.000' AS DateTime), NULL, CAST(N'2022-01-31T00:00:00.000' AS DateTime), N'MC10')
SET IDENTITY_INSERT [movie_theater].[promotion] OFF
GO
